category,avg_rating,price,num_reviews,return_level
shirts,2.2,7763,317,2
electronics,2.6,3868,193,2
watches,3.9,2646,202,1
shoes,2.6,5191,158,2
trousers,3.2,2273,308,1
shoes,2.8,671,166,1
shoes,1.6,2660,152,1
jackets,3.3,5534,174,1
electronics,2.6,6321,482,2
shirts,3.1,214,317,1
trousers,3.9,2781,243,1
trousers,3.0,6779,7,1
electronics,3.6,979,288,1
shoes,2.0,2669,303,1
shoes,3.6,6986,124,1
electronics,2.5,6394,26,2
watches,2.7,2211,280,1
shirts,3.2,1394,285,1
shirts,3.4,7433,59,1
shirts,1.6,3104,228,1
bags,4.9,7007,279,1
watches,4.6,2470,164,0
shoes,3.9,4062,418,1
jackets,4.8,4557,5,0
watches,3.2,3334,391,1
bags,4.6,6396,251,1
trousers,3.9,1097,52,1
trousers,4.8,660,262,0
trousers,4.5,5691,446,1
electronics,2.6,7514,7,2
electronics,2.5,3718,262,2
jackets,5.0,6873,300,1
shirts,4.2,1387,143,0
jackets,1.7,6233,432,2
trousers,4.8,7012,453,1
watches,2.9,5060,54,2
electronics,3.4,538,125,1
shirts,2.7,7884,65,2
jackets,4.8,369,361,0
bags,3.6,3299,6,1
trousers,5.0,7684,50,1
shoes,4.0,2888,196,0
electronics,3.8,2807,137,1
jackets,3.1,6308,152,1
trousers,2.1,5974,271,2
shoes,4.0,3181,497,0
watches,1.7,5296,126,2
electronics,2.1,1942,88,2
trousers,3.6,3734,349,1
shirts,2.6,7225,362,2
shoes,4.5,724,318,0
trousers,1.7,7129,132,2
trousers,1.9,1600,294,1
bags,1.9,3333,52,1
watches,2.6,829,320,1
electronics,2.0,5518,392,2
bags,1.8,6929,305,2
jackets,2.7,211,82,1
trousers,3.4,1634,444,1
electronics,2.4,3834,319,2
shirts,1.8,2155,476,1
electronics,2.1,5771,243,2
shirts,2.9,2898,86,1
shoes,1.7,1342,499,1
bags,2.4,1846,164,1
trousers,4.7,3788,398,0
jackets,2.3,5785,490,2
shoes,4.3,1011,57,0
shirts,1.9,4909,425,1
shoes,2.5,4237,370,1
electronics,4.4,4234,495,1
bags,2.8,5684,323,2
bags,3.2,2739,65,1
jackets,4.8,680,264,0
watches,3.6,1954,224,1
shirts,4.2,1735,172,0
electronics,3.3,2452,229,1
shoes,1.8,477,389,1
bags,2.1,5402,418,2
shoes,2.4,2639,132,1
bags,3.9,7994,91,1
shoes,4.5,1423,206,0
watches,4.2,6586,291,1
shoes,2.4,883,387,1
bags,2.0,816,491,1
shoes,4.5,5307,481,1
watches,4.6,6891,387,1
electronics,3.0,2668,123,1
shirts,4.3,4056,50,0
electronics,3.2,5724,336,1
trousers,2.1,4002,218,1
trousers,3.1,3245,467,1
trousers,4.1,244,268,0
jackets,3.8,5597,344,1
electronics,4.2,6285,234,1
electronics,4.0,5764,352,1
shoes,3.8,7751,397,1
electronics,2.6,639,62,2
shirts,4.6,850,430,0
trousers,3.6,5162,472,1
watches,2.6,661,80,1
shoes,2.7,3239,189,1
trousers,2.0,2639,425,1
shirts,2.3,4463,230,1
trousers,1.9,1609,380,1
shirts,1.9,5936,385,2
bags,3.5,7834,15,1
trousers,3.3,2363,311,1
shirts,4.1,2953,341,0
trousers,3.3,4246,305,1
shirts,2.6,1774,360,1
shirts,2.6,1230,84,1
jackets,4.2,7105,346,1
electronics,4.3,5030,252,1
shoes,2.3,5008,452,2
bags,4.2,710,20,0
electronics,1.8,1398,311,2
bags,4.7,4735,239,0
watches,4.0,3484,192,0
bags,3.6,4421,202,1
shoes,4.6,701,402,0
watches,3.9,5665,470,1
trousers,3.0,4068,460,1
electronics,2.5,6837,352,2
watches,2.3,1502,69,1
jackets,3.2,7721,13,1
watches,1.7,2078,9,2
jackets,3.5,6867,297,1
shoes,4.0,6179,347,1
trousers,1.6,1258,174,1
shoes,3.6,5888,192,1
watches,1.6,2493,162,1
jackets,2.6,993,232,1
trousers,3.9,3809,125,1
shirts,4.4,2528,285,0
shoes,5.0,6994,100,1
electronics,4.1,2789,93,1
bags,3.6,6614,439,1
electronics,4.2,5071,42,1
shoes,3.9,6134,25,1
bags,2.0,6486,163,2
watches,3.5,1942,474,1
shirts,2.5,7427,440,2
watches,4.4,2320,393,0
watches,2.6,2728,472,1
shirts,3.3,6667,452,1
jackets,3.6,2444,243,1
shirts,4.5,4793,395,0
electronics,3.8,7863,81,1
shoes,2.3,6577,416,2
electronics,4.6,6496,271,1
electronics,2.3,3701,138,2
watches,1.6,7619,394,2
trousers,3.6,6937,189,1
shoes,4.7,6701,477,1
jackets,3.9,2230,236,1
shirts,3.3,2626,1,1
watches,4.3,3698,300,0
jackets,3.6,4509,238,1
watches,1.7,917,457,1
shoes,3.6,7414,2,1
shoes,1.6,2918,391,1
electronics,3.4,7389,379,1
watches,4.7,2467,332,0
shoes,4.5,5744,297,1
watches,4.0,1908,356,0
jackets,3.4,6307,383,1
jackets,3.8,4191,454,1
electronics,4.5,6591,433,1
shoes,4.3,226,461,0
electronics,3.4,3898,485,1
bags,2.0,3399,375,1
electronics,4.1,5078,338,1
bags,3.6,1758,10,1
electronics,1.8,7017,102,2
electronics,2.7,883,255,2
jackets,2.5,5945,22,2
trousers,4.2,4194,372,0
bags,1.5,3466,257,1
trousers,4.4,5679,35,1
bags,3.8,4760,21,1
trousers,3.4,915,379,1
watches,2.6,4702,329,1
jackets,2.8,7137,473,2
electronics,4.6,1791,172,1
bags,2.5,4640,247,1
shoes,2.1,7182,23,2
shoes,3.6,5764,262,1
watches,2.3,5869,404,2
shirts,4.4,1315,53,0
jackets,3.9,6816,371,1
shirts,2.4,6253,178,2
bags,3.5,7910,189,1
shoes,4.5,7248,138,1
jackets,3.7,2879,385,1
electronics,3.6,4160,178,1
shoes,1.8,6750,483,2
jackets,4.4,3910,76,0
shoes,3.0,6827,463,1
jackets,2.4,3738,468,1
electronics,1.6,2517,92,2
watches,2.9,2521,178,1
shirts,2.3,2823,59,1
electronics,2.0,860,269,2
bags,4.4,7971,84,1
jackets,3.6,3721,339,1
jackets,3.8,1053,382,1
electronics,3.4,723,493,1
jackets,1.6,6886,436,2
trousers,3.8,527,299,1
trousers,3.7,4918,487,1
jackets,2.3,2734,144,1
bags,4.2,345,238,0
jackets,2.8,2058,114,1
jackets,1.5,829,368,1
jackets,2.5,4552,330,1
trousers,3.6,5755,463,1
trousers,3.9,307,18,1
watches,2.5,4455,99,1
shirts,2.5,3320,164,1
jackets,2.3,6526,146,2
jackets,3.8,807,42,1
shoes,2.7,7556,130,2
electronics,2.9,5096,136,2
trousers,4.9,4257,467,0
trousers,2.0,7142,455,2
jackets,3.5,5664,238,1
shirts,2.0,4154,381,1
shoes,4.4,4348,261,0
shirts,3.6,6287,373,1
shoes,4.6,5246,90,1
bags,3.0,5172,195,1
trousers,3.1,2220,321,1
shirts,5.0,4923,42,0
jackets,4.8,609,293,0
trousers,1.5,7594,182,2
trousers,3.9,5187,447,1
shoes,3.0,1497,150,1
watches,3.5,7403,325,1
shirts,3.1,5453,161,1
bags,2.6,555,239,1
bags,1.6,1222,73,1
jackets,4.7,6483,138,1
shirts,2.6,1226,255,1
electronics,1.6,3151,269,2
bags,2.3,6819,15,2
jackets,3.0,6907,18,1
watches,3.2,5068,297,1
shoes,4.8,5135,359,1
trousers,3.0,948,253,1
shirts,4.0,4810,406,0
trousers,3.8,7861,172,1
bags,3.3,5855,274,1
electronics,2.0,5871,61,2
trousers,4.6,7612,17,1
bags,3.1,6937,188,1
bags,3.4,2351,410,1
trousers,2.9,4328,236,1
trousers,1.7,3283,350,1
shirts,1.8,2004,377,1
trousers,2.9,6791,467,2
shoes,2.8,2420,321,1
electronics,1.7,2996,274,2
shoes,3.8,6891,407,1
shirts,2.4,6917,365,2
bags,3.3,7639,16,1
shoes,4.9,3222,385,0
electronics,3.7,4177,436,1
shirts,3.1,4748,269,1
shoes,3.0,4288,487,1
shoes,3.1,7100,244,1
bags,3.8,2242,356,1
shirts,4.6,901,292,0
shirts,1.6,1373,69,1
shirts,2.2,5317,259,2
shoes,3.8,7160,383,1
electronics,3.6,6737,234,1
shoes,2.6,350,33,1
bags,4.5,7399,271,1
bags,2.3,4195,367,1
bags,4.1,787,59,0
watches,4.7,6205,171,1
shoes,1.7,6052,45,2
electronics,4.2,1956,491,1
watches,3.1,2573,171,1
bags,3.0,5843,480,1
shoes,3.2,2567,303,1
shoes,3.8,3297,236,1
trousers,2.4,7365,36,2
shirts,3.8,6839,315,1
shoes,4.6,5301,383,1
shirts,2.6,515,255,1
shirts,4.9,1114,123,0
electronics,5.0,6048,318,1
jackets,4.4,5442,30,1
jackets,4.9,6629,35,1
shoes,1.9,2146,372,1
shoes,4.0,707,161,0
watches,3.8,5014,459,1
shoes,4.0,5356,458,1
watches,3.4,6344,208,1
jackets,3.5,961,170,1
electronics,1.6,4914,142,2
trousers,3.5,3761,6,1
shoes,4.8,4217,348,0
watches,4.2,2722,11,0
bags,2.7,7953,232,2
jackets,2.0,4097,94,1
bags,3.6,2138,146,1
bags,3.5,7283,232,1
watches,2.8,539,3,2
shirts,1.7,3924,322,1
bags,3.3,1668,94,1
shirts,4.2,989,149,0
shirts,3.1,831,236,1
trousers,2.3,1657,8,2
jackets,3.3,6143,474,1
shoes,4.2,4980,224,0
electronics,3.3,4174,326,1
shoes,4.2,6713,489,1
shirts,1.8,4004,310,1
electronics,4.7,4310,245,1
bags,4.5,5688,464,1
watches,4.9,1360,321,0
electronics,2.2,5535,367,2
watches,2.0,2375,357,1
trousers,4.3,3021,81,0
trousers,4.7,6921,95,1
shirts,2.5,4816,396,1
bags,4.9,1893,30,0
jackets,4.4,1891,58,0
shoes,3.6,4651,345,1
shoes,4.8,216,423,0
bags,4.8,4754,459,0
shirts,4.0,1644,452,0
electronics,4.5,1706,497,1
electronics,2.5,7555,139,2
shirts,2.7,6420,339,2
bags,4.4,1953,446,0
watches,1.7,6160,87,2
shoes,4.2,2342,252,0
jackets,2.5,5373,415,2
electronics,3.3,823,173,1
watches,2.8,2811,161,1
shirts,3.1,236,333,1
watches,3.2,5496,8,1
electronics,4.9,4400,155,1
shoes,2.0,1760,354,1
trousers,4.5,4446,344,0
shirts,3.3,5052,451,1
shoes,1.8,6978,461,2
shirts,2.1,4498,486,1
bags,1.7,3048,464,1
electronics,2.9,7950,63,2
shirts,3.5,6192,387,1
bags,3.4,4690,356,1
bags,3.5,2411,364,1
trousers,4.4,971,227,0
shirts,4.8,2605,227,0
bags,3.7,6339,360,1
trousers,2.5,4973,253,1
watches,2.5,7934,95,2
jackets,2.7,5260,375,2
trousers,4.1,5572,460,1
jackets,3.1,5034,229,1
shirts,3.0,7284,252,1
watches,3.0,2444,121,1
watches,2.6,7421,134,2
electronics,2.9,7518,99,2
shoes,3.7,4212,195,1
trousers,4.9,6638,132,1
electronics,3.6,4701,383,1
trousers,2.3,1906,41,1
bags,4.2,654,201,0
bags,3.2,7975,341,1
bags,4.0,461,328,0
bags,1.6,750,305,1
trousers,1.6,364,245,1
watches,4.2,3542,50,0
shirts,4.7,864,222,0
trousers,2.2,4561,72,1
shirts,4.4,1080,434,0
watches,2.5,2184,356,1
shoes,2.1,5885,62,2
shirts,1.6,5291,440,2
shirts,2.8,7715,89,2
bags,3.1,3446,2,1
shoes,2.3,1919,414,1
shirts,3.4,1747,441,1
electronics,2.0,6711,153,2
trousers,2.9,5409,143,2
watches,5.0,5667,262,1
jackets,4.0,816,419,0
shoes,1.7,2821,145,1
trousers,3.4,1332,316,1
shirts,3.3,6259,98,1
shoes,1.9,3734,228,1
jackets,4.2,3968,111,0
jackets,2.1,3072,483,1
trousers,4.8,7136,21,1
jackets,3.6,2153,342,1
trousers,1.5,6169,357,2
watches,1.9,7304,239,2
bags,3.8,2807,352,1
trousers,1.8,1176,67,1
trousers,1.5,3483,263,1
trousers,4.5,3147,201,0
bags,2.6,7420,354,2
shoes,1.6,2347,128,1
trousers,3.3,2006,457,1
bags,4.7,759,116,0
electronics,3.6,3962,479,1
shirts,1.6,2095,346,1
electronics,4.0,1206,48,1
electronics,4.5,6373,84,1
watches,4.2,528,97,0
shoes,2.2,6172,248,2
bags,5.0,6341,364,1
bags,4.7,2672,414,0
shoes,3.4,1608,387,1
jackets,3.8,4859,302,1
electronics,4.9,2804,41,1
jackets,3.0,6670,56,1
shirts,4.7,7155,113,1
bags,3.1,6043,351,1
shirts,3.9,395,412,1
watches,4.6,5976,82,1
trousers,4.3,4984,206,0
watches,3.5,5630,387,1
watches,1.9,5210,36,2
shoes,2.8,378,159,1
watches,2.4,1904,311,1
trousers,4.2,5061,64,1
bags,2.8,295,20,1
bags,2.2,6470,498,2
trousers,2.2,5959,29,2
trousers,2.1,2859,70,1
shirts,2.7,7734,299,2
bags,1.9,6434,364,2
trousers,4.8,7108,88,1
jackets,4.0,6343,360,1
shoes,4.6,4101,285,0
jackets,3.8,3234,45,1
electronics,5.0,6270,300,1
bags,1.6,2744,335,1
shirts,4.0,4754,275,0
shoes,2.8,7707,479,2
trousers,2.3,4043,70,1
electronics,2.7,7467,326,2
shirts,1.6,5031,213,2
watches,4.7,4245,433,0
electronics,4.0,3325,207,1
trousers,4.4,6211,432,1
electronics,1.8,7884,447,2
electronics,3.5,3390,196,1
trousers,3.8,6174,365,1
shoes,5.0,4717,439,0
watches,3.2,3410,192,1
shoes,5.0,2291,345,0
shirts,3.8,1977,395,1
shoes,3.9,5696,380,1
shirts,1.9,302,291,1
watches,2.0,5345,174,2
jackets,4.7,5973,345,1
trousers,4.0,5374,55,1
jackets,2.0,5126,407,2
electronics,3.9,4427,492,1
shoes,3.9,781,283,1
trousers,1.9,5498,412,2
shoes,4.0,5068,100,1
shirts,4.3,5104,366,1
shirts,4.7,4205,317,0
trousers,4.0,5445,33,1
watches,3.2,6613,465,1
shirts,3.3,5411,99,1
watches,3.1,1310,233,1
shirts,2.7,1255,356,1
jackets,3.0,4389,9,1
jackets,4.3,6587,57,1
watches,2.2,6663,18,2
watches,2.1,4591,12,1
watches,4.7,1817,87,0
shirts,4.4,5845,127,1
shirts,3.2,2986,16,1
watches,3.9,2607,63,1
shirts,4.0,4227,111,0
trousers,3.3,3498,22,1
bags,4.6,1380,282,0
trousers,3.6,7730,168,1
watches,2.6,3073,131,1
watches,4.3,2667,376,0
jackets,2.2,4159,184,1
watches,5.0,5048,350,1
shirts,3.5,7350,167,1
electronics,4.5,1521,247,1
watches,4.5,6062,54,1
shirts,1.6,2018,104,1
jackets,1.9,6894,398,2
jackets,3.5,7427,391,1
bags,3.0,1435,154,1
watches,2.6,7855,208,2
shoes,4.9,1675,339,0
shoes,3.6,4164,213,1
bags,4.9,7896,295,1
electronics,3.6,6940,281,1
watches,1.8,7819,485,2
shoes,3.7,5392,300,1
shirts,1.7,6736,197,2
electronics,4.3,1582,234,1
shirts,2.4,6738,34,2
watches,5.0,3214,395,0
jackets,3.8,6964,305,1
shoes,2.0,2709,251,1
electronics,4.7,5250,54,1
electronics,3.6,2750,443,1
shoes,3.7,5467,468,1
jackets,4.6,1865,473,0
electronics,1.7,3940,452,2
electronics,3.5,4912,111,1
shoes,3.4,5590,109,1
shirts,2.2,492,142,1
shirts,3.5,7804,483,1
bags,4.3,6403,85,1
jackets,2.9,3046,272,1
jackets,2.6,2885,82,1
bags,4.5,6740,449,1
trousers,2.5,6019,382,2
electronics,4.8,6157,98,1
shirts,2.7,5501,419,2
jackets,2.1,402,401,1
bags,4.3,4050,133,0
shoes,4.2,2179,17,0
jackets,2.1,6952,33,2
trousers,3.9,5712,423,1
bags,1.7,3618,110,1
shirts,4.0,2167,326,0
bags,3.9,2424,426,1
bags,3.8,6761,247,1
shirts,5.0,637,256,0
shoes,3.6,4054,382,1
watches,2.0,606,244,1
watches,2.0,427,369,1
shirts,4.5,4953,144,0
shirts,2.2,1129,452,1
bags,2.9,7843,15,2
trousers,1.7,7871,231,2
watches,4.6,7931,296,1
bags,4.4,2402,120,0
electronics,2.4,3366,175,2
electronics,3.3,4650,44,1
shoes,4.5,3087,430,0
watches,3.2,989,276,1
bags,4.7,7637,334,1
shirts,4.2,7566,75,1
electronics,3.8,5844,362,1
shirts,4.5,5481,396,1
watches,2.1,3834,214,1
shirts,4.0,2659,122,0
jackets,3.3,415,239,1
watches,4.3,3865,141,0
trousers,2.8,6070,2,2
trousers,4.7,4702,17,0
trousers,3.1,3779,73,1
bags,1.6,3023,159,1
shirts,3.1,4293,205,1
watches,3.8,5313,345,1
electronics,1.7,7462,230,2
bags,4.0,7993,273,1
watches,1.5,5397,323,2
jackets,4.4,2357,166,0
shirts,1.5,570,336,1
shoes,4.8,5341,209,1
shirts,2.1,7857,323,2
trousers,2.7,4124,376,1
shirts,2.4,3326,456,1
electronics,2.1,2576,332,2
trousers,4.9,3701,475,0
watches,3.2,6660,121,1
electronics,2.9,6830,138,2
bags,4.1,2906,76,0
bags,3.4,3842,257,1
trousers,3.4,5562,460,1
watches,3.8,1448,412,1
watches,4.7,1953,74,0
electronics,4.3,7706,239,1
shoes,3.6,1892,210,1
watches,4.2,3489,232,0
bags,4.6,4726,112,0
trousers,4.8,6712,140,1
electronics,2.7,340,207,2
electronics,2.5,3773,402,2
shirts,4.0,6698,342,1
watches,3.3,2901,463,1
shirts,4.3,4626,364,0
electronics,1.9,2827,444,2
shoes,4.8,3947,480,0
trousers,4.6,273,250,0
shoes,4.3,4828,295,0
shoes,2.3,4807,337,1
shirts,3.2,5413,131,1
electronics,2.6,252,495,2
watches,3.1,3044,278,1
jackets,2.9,4135,232,1
jackets,4.7,862,7,0
bags,2.2,4961,156,1
watches,3.3,360,350,1
trousers,2.1,217,485,1
jackets,3.4,5167,434,1
watches,2.7,5387,29,2
bags,2.6,2411,413,1
trousers,5.0,2915,121,0
jackets,4.6,7307,171,1
trousers,4.8,872,231,0
bags,3.5,6982,47,1
watches,2.9,4897,358,1
jackets,4.9,4575,116,0
shoes,2.7,2110,477,1
shoes,4.6,1817,357,0
bags,4.2,625,251,0
shirts,3.4,714,363,1
electronics,4.5,6426,329,1
electronics,3.7,2704,352,1
jackets,2.4,1605,355,1
shoes,2.1,4374,165,1
jackets,3.5,1866,156,1
watches,2.5,4276,321,1
electronics,3.3,221,338,1
shoes,3.0,1461,148,1
shirts,4.4,5552,356,1
bags,1.6,5396,488,2
trousers,3.0,2190,221,1
watches,4.1,6914,275,1
watches,2.5,6044,128,2
electronics,4.9,5822,479,1
watches,2.7,4458,442,1
shirts,4.1,4685,496,0
bags,4.0,7364,40,1
jackets,5.0,2608,252,0
trousers,2.0,2534,255,1
watches,3.2,5194,185,1
shoes,2.0,5083,110,2
watches,2.2,944,22,1
jackets,4.5,7883,458,1
trousers,4.5,4183,370,0
jackets,2.4,7598,42,2
bags,3.0,6135,411,1
shoes,3.2,7712,381,1
watches,4.6,1800,324,0
trousers,2.6,3689,439,1
watches,3.3,5557,152,1
trousers,4.6,7482,295,1
electronics,2.4,3670,31,2
bags,1.6,6050,194,2
shirts,3.3,2592,81,1
shirts,4.0,3454,452,0
shoes,3.2,5988,372,1
shoes,4.7,3463,340,0
electronics,2.2,2387,305,2
bags,1.6,559,306,1
watches,3.4,533,4,1
electronics,4.5,1697,393,1
shirts,2.1,7128,64,2
bags,1.8,1078,176,1
electronics,4.8,3207,35,1
shoes,1.7,3344,90,1
trousers,3.8,1469,98,1
jackets,2.6,1957,428,1
shirts,3.9,6778,29,1
shoes,2.1,3762,120,1
jackets,2.2,452,444,1
shirts,1.5,7749,23,2
shoes,3.1,5195,392,1
shoes,3.8,5613,172,1
jackets,2.2,2122,414,1
bags,2.0,4337,308,1
jackets,2.2,4034,342,1
bags,3.8,540,340,1
shirts,2.0,7327,263,2
shoes,3.5,5763,250,1
shoes,2.2,6797,370,2
shirts,4.3,6636,91,1
bags,2.1,2050,151,1
bags,4.1,2408,385,0
watches,1.6,2403,142,1
shirts,3.6,2809,34,1
bags,4.4,3974,387,0
watches,4.6,6173,487,1
shoes,4.2,7870,240,1
shirts,2.7,7484,341,2
shoes,4.9,2217,444,0
bags,1.9,2734,252,1
electronics,4.0,4024,223,1
shoes,2.1,7344,303,2
electronics,2.1,2192,423,2
jackets,2.2,3398,292,1
jackets,2.6,4633,350,1
trousers,3.8,4010,400,1
electronics,2.9,3388,291,2
jackets,3.0,771,183,1
shirts,1.8,5221,248,2
shoes,3.5,6643,234,1
trousers,4.5,6617,260,1
jackets,3.5,531,114,1
bags,3.7,5311,361,1
trousers,3.4,2199,259,1
shoes,2.5,469,319,1
shirts,3.0,4354,129,1
jackets,4.5,6318,89,1
shirts,2.8,6219,217,2
trousers,3.2,4361,143,1
bags,2.7,3678,460,1
watches,4.7,2561,36,0
shirts,2.5,2646,155,1
electronics,2.7,1782,433,2
bags,1.7,4398,327,1
electronics,2.2,7425,104,2
bags,2.5,7336,301,2
shirts,4.4,3306,444,0
jackets,3.7,4167,73,1
electronics,3.0,3468,279,1
electronics,2.4,1779,456,2
shoes,2.1,2233,419,1
trousers,2.3,845,31,1
shoes,4.7,6054,55,1
watches,2.6,2300,441,1
watches,1.6,5099,356,2
electronics,3.0,221,65,1
bags,3.8,2776,387,1
trousers,4.6,3493,399,0
shoes,2.6,486,383,1
jackets,2.1,5121,311,2
watches,3.4,2290,73,1
shoes,4.4,2103,363,0
bags,2.1,343,328,1
shirts,3.2,4409,174,1
jackets,4.0,3043,403,0
shirts,4.6,7403,380,1
watches,2.4,3934,455,1
watches,4.0,4709,379,0
trousers,1.5,5776,153,2
shirts,2.3,4916,462,1
watches,2.5,2168,424,1
trousers,4.4,3031,404,0
jackets,2.4,3019,151,1
electronics,4.1,6053,396,1
trousers,1.7,1606,394,1
shoes,2.8,4576,355,1
bags,4.2,5747,295,1
bags,3.1,7708,34,1
bags,2.9,4960,237,1
shirts,1.7,4229,124,1
jackets,4.6,714,491,0
watches,3.1,5616,403,1
electronics,4.0,540,460,1
watches,3.6,2668,380,1
shirts,3.8,2227,3,1
shirts,3.0,4189,77,1
electronics,5.0,2059,32,1
trousers,1.7,5591,195,2
jackets,2.7,1267,229,1
bags,1.9,911,333,1
jackets,3.0,4381,484,1
jackets,2.5,5339,488,2
bags,3.7,3017,130,1
jackets,2.4,5232,309,2
shirts,4.1,2720,101,0
shoes,2.1,5344,208,2
trousers,4.2,2904,148,0
watches,3.4,562,137,1
shirts,3.3,4844,111,1
jackets,3.3,5497,253,1
shirts,4.2,3942,323,0
shoes,3.8,1352,125,1
shirts,4.0,3219,148,0
watches,3.3,6332,104,1
shoes,4.3,5224,389,1
shirts,2.7,7980,281,2
bags,2.3,1208,202,1
bags,3.5,5576,93,1
bags,4.5,7729,149,1
jackets,3.8,6530,67,1
electronics,2.9,1527,274,2
jackets,3.4,1629,305,1
shoes,3.6,5212,480,1
electronics,3.6,6662,156,1
bags,4.2,328,303,0
shirts,1.9,5481,409,2
bags,1.5,4888,46,1
shoes,1.5,7003,230,2
electronics,3.6,2412,211,1
bags,3.5,5893,65,1
bags,1.5,4425,472,1
trousers,4.3,228,475,0
shoes,2.6,5927,286,2
electronics,3.3,2536,251,1
shirts,3.0,6235,72,1
trousers,2.6,5001,17,2
jackets,3.5,1230,418,1
bags,3.9,7195,83,1
electronics,3.2,6957,468,1
watches,4.3,1325,492,0
electronics,4.2,3236,478,1
watches,2.5,4435,93,1
watches,3.4,805,388,1
electronics,3.6,1015,391,1
shirts,4.7,1162,474,0
bags,2.5,4741,236,1
watches,3.8,1267,369,1
trousers,4.7,6702,133,1
trousers,2.7,300,179,1
watches,2.9,7226,361,2
watches,4.2,1939,468,0
electronics,3.1,4021,308,1
bags,4.9,6453,142,1
jackets,2.0,5037,394,2
bags,1.6,5235,298,2
electronics,1.6,5555,92,2
shirts,4.0,2990,412,0
jackets,3.3,7484,175,1
shoes,4.9,7263,275,1
jackets,4.1,4657,203,0
shoes,4.8,2238,104,0
watches,3.4,5900,486,1
shoes,2.3,1426,361,1
electronics,3.8,1113,395,1
shirts,2.3,555,400,1
shirts,3.6,2476,30,1
watches,3.0,1054,159,1
shirts,3.0,6563,81,1
shirts,4.4,5646,36,1
trousers,2.0,1332,428,1
jackets,1.8,1144,208,1
electronics,4.2,2729,205,1
jackets,3.2,4384,315,1
electronics,2.1,5191,466,2
watches,3.9,406,485,1
jackets,2.7,2252,210,1
watches,3.7,2060,254,1
trousers,4.4,6328,430,1
trousers,3.9,2091,272,1
bags,2.0,7885,277,2
shirts,2.8,7656,204,2
electronics,3.6,5679,157,1
trousers,2.5,6449,81,2
trousers,3.9,5247,420,1
shirts,3.4,6137,163,1
bags,2.3,430,198,1
jackets,1.9,2973,283,1
trousers,4.3,1408,209,0
shirts,1.6,3202,118,1
watches,4.9,5303,105,1
watches,1.8,6725,141,2
shirts,2.4,4618,487,1
bags,4.5,5173,166,1
jackets,3.5,7048,154,1
watches,4.7,7560,310,1
watches,2.6,5310,464,2
electronics,3.8,6247,402,1
jackets,2.5,6371,258,2
trousers,2.1,6269,425,2
watches,4.2,4269,210,0
trousers,4.6,4065,452,0
shirts,4.3,7433,404,1
electronics,3.1,1658,227,1
bags,3.5,2670,355,1
electronics,2.7,7498,36,2
bags,1.6,2400,404,1
shoes,1.5,3127,169,1
shirts,4.9,1848,407,0
jackets,2.5,7873,293,2
jackets,4.0,5738,205,1
trousers,3.3,5677,147,1
shirts,2.3,3827,415,1
bags,3.6,1484,58,1
watches,3.4,4184,69,1
shoes,3.3,646,270,1
shirts,2.9,7239,417,2
watches,3.7,318,319,1
shoes,1.9,1267,11,1
shoes,2.1,7903,394,2
shoes,3.2,5249,283,1
bags,2.3,1829,379,1
electronics,2.2,2781,473,2
watches,2.5,1179,461,1
shirts,2.1,2701,469,1
bags,2.8,4846,423,1
bags,2.1,7321,154,2
watches,4.3,4740,51,0
electronics,3.8,3930,328,1
bags,4.5,2190,257,0
shirts,4.0,4420,203,0
electronics,1.8,4118,50,2
shoes,2.7,5435,54,2
bags,3.0,7128,253,1
bags,2.4,3106,480,1
electronics,4.4,6182,224,1
trousers,3.3,302,470,1
shoes,2.4,1565,232,1
trousers,4.5,7350,9,1
shirts,4.3,3770,444,0
shoes,2.6,1819,85,1
watches,2.8,7942,430,2
electronics,1.8,3456,285,2
electronics,4.6,7903,496,1
watches,2.1,7591,100,2
bags,4.9,2419,207,0
shoes,4.7,5625,144,1
shoes,2.6,3571,464,1
trousers,3.5,5647,109,1
trousers,4.8,3212,358,0
shirts,3.5,4944,163,1
watches,4.9,5962,372,1
jackets,2.0,3381,72,1
trousers,2.8,7434,49,2
electronics,2.2,705,154,2
jackets,1.5,4406,482,1
watches,3.0,6498,138,1
jackets,4.9,7078,56,1
shoes,3.6,5781,337,1
bags,3.7,916,118,1
watches,4.9,936,147,0
watches,2.4,3557,283,1
watches,3.5,4430,425,1
electronics,4.9,6121,102,1
shirts,3.2,2067,309,1
watches,2.6,7834,12,2
shoes,2.9,6567,462,2
watches,3.3,5645,220,1
electronics,2.3,5544,140,2
electronics,4.0,3977,457,1
watches,4.8,1704,383,0
bags,4.8,6870,21,1
shirts,4.5,1121,20,0
shirts,2.8,3799,415,1
watches,4.7,7920,107,1
watches,2.1,212,202,1
jackets,2.9,7536,248,2
shirts,1.9,3543,299,1
shirts,3.0,1206,120,1
electronics,1.8,7316,23,2
trousers,4.2,3024,125,0
watches,2.9,7246,300,2
trousers,3.2,6022,420,1
bags,4.2,251,242,0
jackets,4.6,2040,424,0
jackets,4.0,1889,292,0
watches,2.4,4775,287,1
bags,3.7,2678,277,1
electronics,1.5,2605,275,2
watches,2.3,5750,46,2
electronics,1.7,4078,269,2
watches,2.0,4438,247,1
bags,2.2,7360,467,2
shirts,2.1,4121,393,1
jackets,4.2,1281,125,0
shirts,4.2,4261,460,0
bags,3.2,1013,362,1
watches,1.6,7690,60,2
shirts,2.6,3175,88,1
watches,1.9,556,342,1
bags,1.7,6814,463,2
shirts,4.2,262,43,0
jackets,4.9,5076,170,1
trousers,4.0,5382,328,1
shirts,4.1,3704,307,0
jackets,1.9,1828,106,1
watches,3.7,3572,107,1
trousers,4.3,1392,301,0
shirts,5.0,2083,267,0
watches,3.5,6762,357,1
electronics,2.6,4285,383,2
watches,4.4,4725,339,0
shoes,4.1,2033,76,0
trousers,1.9,5355,18,2
trousers,4.7,1490,281,0
electronics,2.6,266,311,2
shoes,2.1,7991,407,2
trousers,4.3,778,254,0
trousers,1.8,7365,202,2
jackets,4.4,4705,320,0
shirts,3.8,7504,132,1
bags,1.9,4572,224,1
jackets,1.5,6235,441,2
watches,3.0,1198,330,1
shoes,3.1,7174,224,1
bags,4.0,3779,448,0
bags,3.5,6436,74,1
bags,4.1,658,186,0
trousers,4.4,406,244,0
watches,4.7,3796,293,0
watches,4.8,2139,235,0
shirts,3.8,7007,25,1
watches,2.9,6173,97,2
electronics,2.8,2246,213,2
bags,2.0,4225,194,1
trousers,2.1,284,79,1
shirts,4.7,2630,432,0
shirts,2.5,7793,423,2
jackets,3.0,2329,20,1
electronics,3.6,6673,224,1
shirts,4.2,2008,381,0
jackets,3.9,5591,279,1
jackets,3.2,2160,358,1
watches,3.4,2864,41,1
watches,3.2,7302,333,1
bags,2.8,388,447,1
bags,2.4,2196,96,1
watches,1.6,1019,223,1
jackets,2.1,1477,150,1
electronics,4.7,6941,169,1
shoes,2.3,5834,283,2
shirts,2.0,3384,302,1
watches,3.2,6707,274,1
trousers,2.2,1960,212,1
shirts,1.5,4650,332,1
trousers,2.2,3754,207,1
shirts,3.4,970,388,1
watches,1.9,7212,338,2
watches,3.4,635,449,1
shirts,1.6,6824,308,2
shoes,4.6,2126,171,0
shoes,3.1,4166,156,1
electronics,3.8,3467,114,1
watches,3.0,1786,417,1
bags,3.8,5660,109,1
trousers,3.9,6228,81,1
trousers,4.8,3686,98,0
shoes,3.4,7175,457,1
shirts,2.7,3187,446,1
shirts,2.2,2553,147,1
shirts,4.6,1137,32,0
bags,3.6,6016,192,1
shirts,4.7,3231,5,0
jackets,2.5,6916,463,2
shoes,4.1,2395,57,0
jackets,4.6,7549,34,1
jackets,4.2,6347,265,1
electronics,1.8,838,182,2
jackets,4.9,3475,464,0
jackets,4.3,3747,371,0
trousers,2.1,4185,244,1
watches,4.9,4341,345,0
jackets,3.6,1276,147,1
electronics,4.5,432,214,1
shirts,4.5,4107,115,0
shoes,3.0,1562,350,1
shirts,1.7,3125,70,1
watches,4.3,4934,71,0
shoes,5.0,3745,443,0
bags,4.0,4541,70,0
electronics,4.7,2174,37,1
watches,4.5,2137,203,0
jackets,4.6,3788,427,0
shirts,4.9,4011,141,0
shoes,4.2,6862,342,1
shirts,2.4,7156,15,2
watches,3.7,6608,182,1
bags,5.0,601,474,0
shoes,3.1,6673,185,1
watches,2.2,487,87,1
electronics,4.6,2405,281,1
electronics,2.3,1682,166,2
shoes,4.0,5881,300,1
jackets,1.7,6484,205,2
shirts,2.2,552,4,2
trousers,4.2,5653,474,1
shoes,3.0,7714,409,1
shoes,3.6,4019,494,1
bags,4.0,3524,117,0
electronics,3.7,3982,294,1
trousers,4.5,2168,396,0
shirts,3.8,4539,220,1
bags,3.8,1543,372,1
electronics,5.0,2361,199,1
shirts,3.3,6061,98,1
shoes,4.6,972,444,0
trousers,3.0,1005,463,1
watches,4.8,3563,173,0
watches,4.0,3308,309,0
watches,4.5,1805,83,0
trousers,1.8,2242,204,1
electronics,4.9,1946,342,1
jackets,3.0,2051,60,1
electronics,2.7,6282,334,2
jackets,4.8,4406,490,0
watches,4.2,3571,372,0
watches,3.5,6037,119,1
shoes,3.9,6674,245,1
bags,4.9,5889,411,1
jackets,3.4,1876,110,1
electronics,3.3,4159,64,1
shoes,1.9,2137,441,1
shoes,3.6,1267,89,1
watches,2.6,579,260,1
jackets,3.5,3947,76,1
shirts,3.2,5889,385,1
bags,2.4,5459,274,2
shoes,4.2,3308,362,0
shirts,2.9,5752,217,2
jackets,2.0,310,303,1
bags,3.9,1567,39,1
trousers,1.8,2213,190,1
electronics,3.6,5324,36,1
bags,3.9,2222,215,1
electronics,2.1,2927,448,2
jackets,4.3,4306,326,0
shoes,4.1,2478,140,0
shoes,1.9,4344,450,1
jackets,2.5,2092,408,1
jackets,4.0,4008,260,0
trousers,2.3,7153,380,2
watches,4.8,4680,73,0
shoes,3.3,1423,371,1
electronics,2.3,6010,385,2
shirts,2.6,1468,329,1
watches,2.3,1947,258,1
bags,1.8,4636,419,1
trousers,4.1,7341,322,1
watches,2.7,6025,191,2
electronics,4.1,5998,245,1
watches,2.9,7258,210,2
bags,2.4,7253,346,2
shirts,4.2,2091,184,0
electronics,4.4,318,343,1
shirts,2.7,1465,279,1
electronics,4.3,7673,204,1
trousers,4.2,5832,170,1
jackets,1.9,5382,271,2
watches,4.6,6686,345,1
electronics,2.9,2480,477,2
shirts,4.0,6610,484,1
trousers,3.5,1110,442,1
trousers,3.4,4542,315,1
bags,2.4,3965,79,1
jackets,4.0,4226,471,0
trousers,1.7,2646,240,1
jackets,4.8,4587,53,0
shirts,2.9,3230,476,1
trousers,4.9,3507,28,0
jackets,4.0,5205,17,1
trousers,2.6,3648,172,1
jackets,2.0,4874,190,1
jackets,4.0,989,342,0
bags,4.1,5927,377,1
watches,3.3,702,172,1
jackets,4.5,6463,272,1
trousers,3.8,3123,345,1
jackets,1.7,7686,260,2
shirts,2.4,1699,277,1
watches,4.9,1022,127,0
bags,4.5,5126,235,1
jackets,3.9,4207,144,1
watches,4.8,3728,159,0
jackets,4.1,6019,460,1
shoes,2.9,4944,105,1
watches,3.4,1202,277,1
jackets,3.4,284,475,1
bags,4.4,7381,36,1
electronics,2.8,4365,153,2
trousers,2.6,6884,483,2
shoes,4.2,348,9,0
bags,2.4,5707,382,2
trousers,3.0,6167,71,1
bags,4.8,1912,444,0
shirts,2.2,3705,16,1
shirts,2.9,7251,69,2
jackets,2.2,2890,48,1
watches,1.5,4515,186,1
trousers,1.8,7097,15,2
shirts,4.5,7546,358,1
watches,4.8,1327,316,0
electronics,2.6,3859,270,2
watches,2.0,1378,358,1
electronics,3.2,2964,426,1
watches,3.1,2148,253,1
watches,3.3,6778,177,1
bags,1.6,5956,311,2
jackets,3.1,4520,16,1
shirts,3.7,2088,310,1
trousers,3.4,4512,195,1
shirts,2.9,1751,399,1
watches,2.1,2588,328,1
jackets,1.7,1916,323,1
shoes,2.1,1872,178,1
shirts,3.7,7226,53,1
jackets,2.4,2671,117,1
shoes,2.9,6973,381,2
watches,1.9,2397,303,1
shoes,4.3,392,210,0
shoes,3.8,7316,438,1
jackets,3.7,5238,257,1
trousers,2.2,2518,200,1
bags,1.9,7019,91,2
jackets,3.7,597,181,1
electronics,1.9,760,189,2
watches,3.7,5299,299,1
electronics,4.1,7044,169,1
jackets,1.5,2884,291,1
jackets,5.0,5152,273,1
shoes,2.3,5851,18,2
watches,5.0,7397,469,1
electronics,1.9,2340,369,2
shoes,4.0,783,333,0
shoes,2.3,2575,454,1
watches,4.2,1663,58,0
electronics,2.5,5117,1,2
trousers,4.8,6440,358,1
shoes,4.7,327,358,0
bags,4.2,6925,435,1
bags,4.7,2900,75,0
trousers,4.5,2556,17,0
bags,4.2,7346,381,1
watches,2.7,2896,403,1
watches,4.8,6125,451,1
trousers,3.6,6228,118,1
electronics,1.7,2571,408,2
jackets,3.4,4615,334,1
watches,3.2,2785,188,1
shoes,2.8,1217,405,1
watches,3.0,5902,81,1
electronics,4.6,4854,193,1
jackets,1.9,7323,9,2
bags,2.9,5097,40,2
electronics,4.5,4197,170,1
shoes,2.2,324,174,1
shirts,2.4,2958,255,1
bags,3.2,4401,434,1
watches,2.4,4690,242,1
shirts,2.6,5017,494,2
electronics,4.3,6325,167,1
shoes,4.4,4660,180,0
trousers,2.3,2908,243,1
shirts,4.5,2509,230,0
jackets,4.7,7676,251,1
bags,4.3,5644,329,1
jackets,2.3,7710,3,2
shoes,4.4,6605,236,1
electronics,2.8,7210,177,2
trousers,2.9,6097,188,2
shirts,4.4,4457,59,0
watches,1.6,2231,201,1
bags,2.5,1564,239,1
trousers,4.5,5544,181,1
shirts,2.2,630,177,1
trousers,2.5,3317,226,1
bags,3.0,2595,140,1
bags,4.7,1865,348,0
watches,3.3,6656,417,1
electronics,2.5,6694,160,2
electronics,4.9,4374,466,1
shirts,3.0,7767,362,1
jackets,2.0,4578,293,1
electronics,2.5,6322,259,2
shoes,2.3,4176,232,1
shirts,3.8,3760,484,1
bags,3.5,5977,488,1
watches,2.0,4477,168,1
shirts,2.6,7996,471,2
bags,3.5,1742,380,1
jackets,4.1,7452,318,1
shirts,4.0,2848,94,0
jackets,1.7,1780,252,1
watches,3.3,1786,64,1
trousers,4.1,4761,71,0
shoes,3.9,2902,18,1
shoes,4.3,1906,414,0
bags,2.3,5091,189,2
bags,2.3,6608,359,2
shoes,3.7,4761,364,1
watches,4.6,2789,303,0
electronics,2.0,1041,299,2
trousers,2.0,223,200,1
electronics,3.2,3901,160,1
watches,4.8,4461,427,0
shirts,3.6,5228,394,1
bags,4.8,6419,130,1
jackets,1.8,4861,129,1
shoes,4.7,1363,295,0
shoes,4.1,3095,477,0
shirts,4.7,955,163,0
bags,1.8,7775,209,2
electronics,3.1,1097,270,1
electronics,4.4,5880,367,1
jackets,2.0,2619,349,1
jackets,4.5,2563,476,0
watches,4.0,7763,496,1
shirts,2.3,4702,286,1
watches,3.9,7823,491,1
shirts,3.8,1300,225,1
electronics,3.4,1635,89,1
shoes,2.1,5184,353,2
jackets,3.2,938,471,1
bags,2.6,254,36,1
bags,2.8,7258,462,2
shirts,2.0,4076,203,1
electronics,2.7,2979,310,2
bags,4.4,411,188,0
electronics,2.2,3950,105,2
jackets,3.3,4379,211,1
electronics,3.8,6804,424,1
shirts,2.9,6013,158,2
watches,2.4,2179,308,1
trousers,3.4,4247,383,1
shoes,4.5,5283,410,1
bags,4.2,1659,368,0
shoes,4.8,6779,293,1
bags,1.7,2121,364,1
trousers,4.8,6838,460,1
shoes,4.8,2703,91,0
shirts,4.2,1721,327,0
electronics,2.3,4546,452,2
jackets,2.6,1474,262,1
watches,4.1,4615,347,0
bags,2.6,2276,138,1
watches,2.1,3857,250,1
jackets,4.5,4294,450,0
shirts,3.2,7441,52,1
shirts,2.1,4495,161,1
watches,2.3,4344,383,1
shoes,2.7,1376,105,1
shirts,1.9,4506,201,1
shirts,3.2,4442,498,1
shoes,2.0,3322,494,1
shirts,2.3,2705,119,1
watches,2.2,4606,49,1
electronics,2.4,7791,47,2
shirts,2.0,1183,13,1
jackets,3.7,4028,53,1
bags,2.0,1100,130,1
shirts,2.7,313,19,1
electronics,2.2,6039,32,2
watches,3.0,5270,25,1
bags,3.9,4840,237,1
shoes,2.2,6632,26,2
shirts,2.5,4403,460,1
bags,3.1,3114,18,1
jackets,3.0,6163,331,1
shoes,2.9,5763,36,2
bags,2.7,4338,125,1
shirts,2.1,7692,183,2
shoes,4.5,7920,337,1
trousers,1.8,5614,207,2
jackets,1.8,5249,68,2
electronics,4.7,3708,300,1
electronics,3.8,6997,40,1
shoes,2.0,5105,121,2
electronics,4.1,7274,146,1
trousers,2.2,4228,302,1
trousers,4.8,7220,241,1
trousers,4.3,7640,240,1
bags,2.2,1064,166,1
shirts,3.6,1064,16,1
bags,2.7,7743,399,2
jackets,2.3,7610,107,2
electronics,1.9,2421,115,2
jackets,4.1,5985,246,1
bags,2.4,5400,228,2
electronics,4.7,3158,242,1
jackets,3.9,7013,47,1
shoes,2.7,251,426,1
shoes,2.6,3530,323,1
electronics,3.1,1561,274,1
bags,2.0,7789,258,2
shirts,2.6,2410,163,1
trousers,1.8,2912,319,1
watches,4.8,1810,256,0
trousers,3.4,5691,392,1
bags,3.2,2225,36,1
shoes,3.9,3292,147,1
trousers,4.1,898,283,0
jackets,3.7,5939,8,1
shirts,4.3,3177,208,0
watches,3.3,2091,152,1
electronics,3.1,2239,217,1
watches,3.4,4060,81,1
electronics,3.0,2527,110,1
bags,4.2,5458,154,1
jackets,2.2,7075,347,2
watches,2.6,4478,197,1
shoes,3.5,7913,380,1
shirts,1.7,3575,101,1
watches,1.5,1293,288,1
shirts,3.8,3326,106,1
watches,2.3,5116,35,2
watches,3.5,2072,36,1
electronics,2.9,1641,309,2
trousers,1.6,3144,198,1
shoes,3.2,5530,96,1
shoes,3.4,4536,169,1
electronics,1.6,6058,314,2
jackets,4.5,2614,20,0
bags,5.0,3675,5,0
electronics,1.8,5928,149,2
trousers,4.0,3288,137,0
bags,4.2,4847,406,0
shoes,4.4,7377,102,1
trousers,2.1,498,338,1
watches,3.2,4911,289,1
shoes,2.0,5489,12,2
watches,4.6,5993,446,1
bags,3.8,2120,419,1
electronics,3.1,5689,105,1
watches,2.7,1815,375,1
shoes,2.1,3818,258,1
bags,4.0,1712,130,0
shirts,3.5,7441,238,1
shirts,1.7,7741,436,2
shoes,4.3,5194,390,1
shirts,2.3,929,452,1
watches,2.2,5999,369,2
trousers,5.0,1730,9,0
shoes,3.0,915,317,1
watches,4.4,7423,109,1
shirts,3.8,5392,371,1
shoes,4.2,1256,87,0
electronics,4.5,825,332,1
jackets,4.2,3129,207,0
watches,1.7,3119,210,1
electronics,3.0,6977,119,1
shirts,2.6,4869,157,1
shoes,2.4,3117,189,1
shoes,3.4,4011,386,1
shirts,2.4,6532,303,2
jackets,4.0,2616,459,0
jackets,2.4,1730,17,1
bags,3.1,1563,406,1
watches,2.8,5109,65,2
watches,1.8,2131,146,1
trousers,4.5,3377,235,0
trousers,3.6,2679,400,1
watches,4.7,6210,322,1
watches,2.7,2646,336,1
bags,4.1,2660,67,0
shirts,3.0,395,332,1
bags,2.9,903,432,1
electronics,4.4,723,216,1
trousers,3.4,235,263,1
bags,4.2,2435,304,0
trousers,4.2,4481,4,0
trousers,3.5,2756,101,1
electronics,4.6,7904,256,1
jackets,2.2,4619,498,1
watches,2.9,3543,181,1
jackets,3.6,3800,124,1
electronics,3.7,2874,350,1
jackets,1.8,7244,227,2
shoes,3.6,5019,245,1
trousers,4.0,2790,49,0
jackets,2.5,3949,37,1
electronics,1.9,2267,98,2
jackets,3.3,2734,88,1
jackets,3.7,2141,238,1
trousers,2.8,1015,403,1
electronics,3.6,7562,59,1
shoes,2.1,6186,72,2
trousers,4.5,5191,217,1
bags,2.1,4787,335,1
shoes,3.3,5608,361,1
shirts,2.5,1093,35,1
watches,2.8,5443,469,2
electronics,2.7,6317,494,2
shoes,2.6,6461,226,2
electronics,2.5,3076,95,2
electronics,4.9,5441,34,1
shirts,4.5,7849,37,1
trousers,4.6,3208,440,0
trousers,4.5,5620,216,1
watches,2.8,7097,12,2
trousers,3.2,2344,70,1
shirts,3.3,4013,356,1
bags,3.9,6597,258,1
trousers,2.4,7331,165,2
bags,1.5,364,343,1
trousers,2.3,7915,313,2
shirts,2.5,7269,85,2
bags,4.2,6752,435,1
electronics,4.8,7946,387,1
watches,1.6,1255,86,1
electronics,1.6,6918,79,2
trousers,3.1,2860,128,1
electronics,3.1,7302,93,1
shirts,2.2,2913,268,1
trousers,2.8,990,491,1
electronics,2.1,6762,267,2
shirts,4.9,5548,322,1
bags,1.7,6236,6,2
shirts,4.9,7028,415,1
trousers,2.8,1818,291,1
trousers,4.4,5360,204,1
bags,2.0,2388,52,1
electronics,3.6,6462,287,1
watches,3.8,6283,184,1
trousers,2.1,5534,220,2
shoes,4.6,4029,122,0
electronics,3.6,4922,368,1
shirts,2.3,5372,246,2
shirts,3.8,998,35,1
jackets,1.6,7859,216,2
shirts,4.0,1893,268,0
electronics,3.3,4695,229,1
electronics,3.0,6774,420,1
electronics,4.2,5544,142,1
shoes,2.3,5531,421,2
bags,2.5,5557,131,2
bags,1.6,2331,281,1
watches,3.6,5491,233,1
watches,4.2,2928,394,0
watches,3.2,3700,489,1
shoes,4.1,2395,299,0
bags,3.4,2796,160,1
shoes,1.7,6266,287,2
shoes,4.1,1857,128,0
trousers,2.0,6913,418,2
watches,4.8,900,241,0
jackets,3.8,7300,184,1
electronics,2.4,1322,246,2
watches,3.1,1622,4,1
trousers,4.0,3207,347,0
trousers,4.9,6270,499,1
shoes,2.2,2733,4,2
bags,3.8,698,370,1
watches,4.6,864,382,0
bags,1.9,4487,232,1
bags,2.8,2374,290,1
jackets,4.5,1339,51,0
trousers,4.2,7297,22,1
electronics,1.9,5072,308,2
bags,4.8,247,378,0
shoes,3.2,2090,30,1
trousers,2.0,1066,188,1
bags,2.6,3557,277,1
shirts,3.6,5003,425,1
electronics,2.6,3806,330,2
watches,1.7,4908,260,1
jackets,3.5,4681,471,1
electronics,1.7,3795,302,2
shoes,1.6,4653,375,1
watches,2.3,1950,257,1
shoes,2.6,3629,184,1
trousers,2.3,6337,461,2
trousers,3.6,6374,292,1
watches,3.4,4381,314,1
bags,2.7,2820,402,1
electronics,3.4,7180,299,1
shirts,4.4,4214,18,0
bags,4.4,664,178,0
electronics,3.1,5812,399,1
trousers,3.1,1835,186,1
jackets,2.9,6063,188,2
shoes,3.2,5627,123,1
watches,3.1,1041,350,1
electronics,5.0,4207,488,1
bags,3.0,5899,445,1
shirts,4.3,7836,324,1
shoes,2.6,2134,389,1
jackets,3.3,5809,173,1
jackets,3.6,5438,274,1
bags,2.7,7316,368,2
shoes,1.6,6694,136,2
jackets,4.1,1487,166,0
watches,4.2,1258,236,0
trousers,4.2,7083,418,1
bags,2.6,310,11,1
jackets,4.5,1266,362,0
watches,2.5,484,310,1
bags,2.3,3778,34,1
shirts,2.9,7989,253,2
bags,4.4,3615,307,0
jackets,2.5,5418,20,2
shirts,3.5,7373,230,1
shoes,3.6,416,334,1
jackets,2.2,952,177,1
shoes,4.8,7268,142,1
shoes,3.5,4848,458,1
jackets,1.6,3994,0,2
shirts,2.1,6841,394,2
bags,1.7,4883,259,1
shirts,1.8,4210,93,1
watches,3.9,1331,354,1
watches,3.0,290,43,1
electronics,2.7,1925,22,2
shoes,3.6,1640,332,1
jackets,3.9,5123,482,1
watches,2.8,2436,350,1
watches,2.7,4915,344,1
watches,2.8,6097,342,2
shirts,4.4,672,193,0
electronics,2.2,3906,176,2
bags,4.6,1575,28,0
trousers,5.0,2590,190,0
jackets,1.5,1259,244,1
jackets,2.6,2581,482,1
trousers,4.0,7608,295,1
trousers,4.9,4242,174,0
bags,2.7,7933,340,2
shirts,1.6,4104,107,1
trousers,2.3,1722,245,1
watches,1.7,6516,104,2
jackets,3.1,6985,180,1
jackets,2.4,7186,288,2
shoes,4.4,2086,25,0
trousers,2.5,2168,79,1
jackets,1.8,5641,36,2
trousers,3.5,1075,390,1
trousers,2.6,2931,80,1
shirts,1.7,4141,187,1
watches,3.7,5258,455,1
trousers,4.2,2768,68,0
bags,2.7,3746,233,1
jackets,3.2,1197,496,1
trousers,3.3,1398,297,1
jackets,4.1,776,88,0
trousers,3.7,7843,228,1
electronics,2.2,4030,472,2
watches,2.3,2049,19,1
bags,2.3,761,89,1
shoes,2.5,3345,268,1
jackets,4.4,7759,197,1
bags,5.0,1418,409,0
bags,4.7,4091,138,0
shirts,2.0,3767,205,1
shirts,2.7,1987,435,1
shirts,3.6,1575,462,1
bags,2.2,292,182,1
bags,3.2,1877,82,1
watches,4.7,2681,101,0
shirts,4.6,4156,337,0
shoes,3.8,4787,129,1
bags,4.7,6735,441,1
jackets,4.5,5790,327,1
watches,2.6,2760,395,1
electronics,3.6,2597,131,1
shoes,3.5,2244,258,1
bags,2.3,2105,459,1
shirts,2.3,4069,325,1
shirts,2.9,5913,143,2
watches,3.9,4154,91,1
shirts,2.2,5839,35,2
bags,4.9,7836,178,1
shirts,2.6,4668,67,1
shoes,1.7,714,363,1
shoes,4.8,5770,3,1
trousers,4.9,1161,369,0
watches,5.0,7914,113,1
electronics,1.8,4672,398,2
electronics,3.3,3669,449,1
watches,3.0,2365,420,1
electronics,3.3,3772,339,1
watches,2.2,4408,372,1
electronics,1.7,5071,158,2
electronics,4.3,3896,147,1
trousers,3.8,660,422,1
electronics,2.4,1551,361,2
trousers,2.7,408,266,1
watches,4.9,5825,51,1
watches,1.7,5738,194,2
jackets,4.7,7625,24,1
bags,3.7,7205,220,1
shirts,2.0,2171,342,1
shirts,3.6,2184,379,1
watches,3.1,6295,41,1
jackets,4.0,1418,77,0
bags,3.8,6484,26,1
electronics,4.2,2016,292,1
shoes,3.6,2704,379,1
jackets,3.6,4959,252,1
electronics,2.8,3886,90,2
shirts,4.1,1037,314,0
shoes,2.1,6394,165,2
trousers,4.1,7888,86,1
trousers,3.6,3450,277,1
jackets,2.3,5391,373,2
bags,2.9,1461,465,1
shirts,2.6,4045,324,1
shoes,3.4,3468,71,1
electronics,1.8,6145,236,2
trousers,3.4,5785,153,1
shoes,2.5,7477,150,2
jackets,4.1,7123,22,1
jackets,1.7,5115,238,2
shoes,4.2,3398,429,0
watches,4.8,6005,143,1
shoes,2.3,6866,138,2
jackets,5.0,3104,313,0
electronics,2.0,321,71,2
jackets,4.5,3882,69,0
watches,3.6,5567,384,1
shirts,2.3,4217,113,1
shoes,4.8,5329,94,1
shirts,4.3,5388,296,1
trousers,1.6,3316,122,1
trousers,1.7,904,496,1
bags,4.9,7416,95,1
electronics,3.0,4032,472,1
shirts,3.1,1797,42,1
electronics,2.3,2274,323,2
jackets,4.5,6290,239,1
electronics,3.7,1342,151,1
shirts,2.1,2598,248,1
electronics,1.7,1062,451,2
bags,4.3,7409,304,1
trousers,4.0,2191,287,0
jackets,4.3,3340,369,0
electronics,3.8,5826,233,1
trousers,3.3,7263,50,1
watches,2.0,6137,91,2
bags,4.3,4951,75,0
trousers,3.5,5254,55,1
electronics,3.7,5809,92,1
watches,2.4,1568,486,1
jackets,1.7,4081,226,1
trousers,4.5,7069,379,1
watches,2.2,3559,194,1
trousers,4.5,6818,243,1
electronics,3.5,7136,411,1
trousers,2.5,3670,281,1
jackets,1.7,5254,317,2
bags,2.2,3705,62,1
watches,2.2,3713,306,1
bags,1.8,1349,264,1
jackets,3.1,3450,467,1
jackets,2.9,6271,405,2
bags,2.7,7937,295,2
shirts,4.0,5247,162,1
shoes,4.6,4535,339,0
shoes,4.4,6210,41,1
watches,3.8,4330,363,1
electronics,1.9,4009,298,2
bags,3.0,5352,94,1
bags,1.6,7177,29,2
shoes,3.6,4334,172,1
electronics,4.0,891,102,1
shirts,2.0,2898,213,1
electronics,4.3,2919,82,1
electronics,2.8,992,63,2
bags,3.6,4386,141,1
shoes,2.9,5065,336,2
shirts,4.2,6298,124,1
trousers,3.5,7193,243,1
trousers,3.3,3487,452,1
watches,3.4,7747,335,1
jackets,3.2,5468,126,1
trousers,3.7,3428,332,1
trousers,4.9,6185,300,1
shirts,3.4,1625,197,1
bags,3.8,7809,474,1
jackets,4.5,2559,19,0
watches,2.7,1720,342,1
shoes,5.0,7500,171,1
shoes,3.0,4977,320,1
shoes,1.5,4606,217,1
shoes,1.7,6773,419,2
shoes,2.6,5819,260,2
watches,4.2,2742,354,0
trousers,4.8,7603,340,1
shoes,1.7,4236,404,1
electronics,4.3,1564,316,1
trousers,3.0,4299,164,1
jackets,4.3,2658,212,0
trousers,2.8,7554,119,2
bags,3.0,5248,274,1
electronics,2.2,2851,260,2
shirts,2.4,3857,215,1
trousers,3.1,1139,342,1
trousers,4.3,5136,491,1
electronics,3.6,5634,37,1
watches,3.9,430,451,1
trousers,2.8,2681,208,1
shirts,4.4,6908,343,1
shoes,3.5,3092,284,1
bags,2.6,2265,117,1
shirts,4.3,6145,462,1
trousers,4.1,1156,488,0
electronics,4.0,1190,272,1
trousers,4.8,2286,408,0
shoes,4.6,4909,293,0
watches,2.5,2404,359,1
shirts,3.6,6189,342,1
electronics,4.7,3603,9,1
jackets,2.4,4782,135,1
electronics,3.6,3278,78,1
jackets,4.9,3671,206,0
shirts,4.9,3487,458,0
electronics,2.2,998,374,2
electronics,3.8,1912,258,1
electronics,4.8,7678,110,1
shoes,4.3,3311,121,0
shoes,3.6,2021,280,1
jackets,2.1,2169,122,1
shirts,2.2,802,427,1
bags,4.7,6463,386,1
trousers,2.5,5417,421,2
electronics,4.7,4860,227,1
shirts,2.9,645,357,1
electronics,3.8,712,13,1
trousers,2.1,2012,33,1
trousers,4.3,6101,167,1
shoes,3.1,3865,403,1
bags,2.1,2362,251,1
watches,3.4,3723,3,1
electronics,2.9,1495,430,2
shoes,1.7,7773,233,2
jackets,2.7,4069,73,1
shirts,3.9,7391,193,1
shirts,2.2,2684,340,1
shoes,2.8,1169,498,1
trousers,2.1,5828,265,2
trousers,4.0,2588,31,0
electronics,3.4,4310,321,1
shoes,2.3,2874,336,1
bags,4.8,5910,380,1
jackets,2.3,6369,21,2
shirts,3.5,6045,313,1
jackets,1.5,7583,455,2
shoes,3.7,5859,479,1
trousers,2.3,2826,472,1
jackets,1.7,7204,194,2
shirts,4.6,1566,310,0
shoes,4.9,4961,455,0
bags,1.8,875,489,1
jackets,3.5,5895,306,1
bags,4.9,4681,55,0
bags,4.8,1994,190,0
shoes,4.1,3687,339,0
bags,4.3,5578,349,1
shirts,4.8,5732,494,1
trousers,3.9,1282,151,1
trousers,2.0,5637,483,2
electronics,4.5,4285,45,1
shoes,3.8,6115,23,1
jackets,4.7,5294,334,1
shirts,2.1,1481,262,1
shirts,4.1,1104,139,0
watches,3.9,4501,42,1
shoes,3.3,2454,122,1
jackets,4.8,2619,231,0
bags,2.4,4217,471,1
jackets,2.5,2322,299,1
electronics,4.2,7053,340,1
jackets,3.6,935,121,1
shoes,4.6,595,170,0
shoes,4.6,563,382,0
jackets,2.9,4388,62,1
shoes,2.3,6380,10,2
electronics,2.0,6362,51,2
trousers,3.7,4327,150,1
watches,3.6,3220,20,1
watches,1.6,7097,218,2
watches,1.7,6227,57,2
shirts,2.3,5342,388,2
shoes,5.0,3334,51,0
shoes,4.4,3422,10,0
bags,4.6,2748,383,0
jackets,2.2,3543,429,1
jackets,3.4,4528,47,1
watches,1.7,1120,76,1
watches,3.3,280,36,1
trousers,2.7,6145,252,2
electronics,3.3,3686,85,1
trousers,2.2,2443,482,1
shirts,3.4,6736,442,1
shoes,4.4,3225,477,0
watches,1.6,678,105,1
electronics,2.4,5913,271,2
shirts,2.7,5805,88,2
bags,4.5,1226,377,0
bags,2.2,1764,74,1
trousers,4.1,884,410,0
watches,2.8,858,272,1
trousers,1.7,7992,460,2
trousers,3.1,5953,47,1
shirts,1.7,5932,14,2
shoes,4.9,5461,172,1
shirts,4.0,7486,202,1
electronics,5.0,6079,153,1
electronics,2.1,2692,341,2
watches,4.6,7785,89,1
shirts,5.0,7876,458,1
jackets,3.9,7817,255,1
trousers,4.9,1022,13,0
watches,4.2,1940,76,0
watches,3.3,6733,25,1
trousers,4.5,7391,469,1
jackets,3.3,6066,318,1
shoes,4.4,4145,116,0
shoes,3.9,7822,294,1
shoes,3.4,3927,327,1
electronics,4.9,5046,37,1
shirts,2.6,545,251,1
shoes,3.6,1590,322,1
shirts,3.6,903,316,1
bags,3.9,7561,488,1
electronics,3.8,4596,385,1
shoes,4.8,6062,2,1
trousers,4.5,605,103,0
shirts,3.1,2614,272,1
shoes,3.4,7871,69,1
shirts,3.1,3006,117,1
jackets,2.2,6871,272,2
shirts,4.4,1295,192,0
shoes,3.4,2655,346,1
bags,1.7,3036,105,1
watches,2.9,4476,142,1
shoes,3.3,3365,259,1
electronics,4.9,4630,22,1
shirts,2.9,3411,465,1
trousers,1.9,1600,497,1
trousers,1.6,7523,334,2
electronics,4.9,4427,255,1
shirts,2.1,7507,452,2
jackets,4.1,3678,257,0
trousers,2.9,1972,164,1
watches,3.7,3187,107,1
jackets,4.1,7953,178,1
shoes,4.9,3952,313,0
watches,2.2,602,31,1
shirts,2.1,4680,227,1
shirts,2.7,1390,388,1
watches,2.9,989,240,1
jackets,2.1,6396,54,2
watches,4.0,4236,343,0
trousers,1.5,7170,432,2
shoes,3.8,6090,439,1
bags,4.1,3845,145,0
watches,3.4,1516,181,1
shirts,3.5,1160,141,1
shirts,2.4,3494,477,1
bags,4.4,6662,194,1
watches,2.1,5047,234,2
watches,4.4,6195,349,1
watches,4.0,3780,114,0
jackets,4.9,3396,5,0
shoes,4.5,7937,426,1
trousers,4.4,5141,110,1
jackets,3.2,3950,10,1
trousers,2.4,7400,232,2
shirts,3.5,7938,457,1
electronics,2.8,2290,26,2
shirts,4.5,7365,114,1
watches,3.7,2934,111,1
bags,2.7,2208,134,1
electronics,4.7,7077,385,1
shirts,2.6,7137,333,2
watches,5.0,460,90,0
watches,4.4,4389,256,0
watches,2.3,2745,177,1
trousers,4.2,3862,377,0
shoes,2.5,4806,200,1
shirts,3.3,744,72,1
trousers,2.7,5100,197,2
watches,4.2,4535,463,0
shoes,4.7,7381,204,1
bags,4.1,3253,25,0
shirts,4.4,1174,23,0
jackets,2.9,3977,168,1
bags,3.3,4160,38,1
electronics,2.5,791,237,2
bags,3.5,3330,409,1
trousers,4.5,7711,237,1
watches,3.3,2770,116,1
shirts,1.7,5357,498,2
electronics,3.8,1366,430,1
watches,1.5,594,120,1
jackets,2.0,3857,184,1
bags,4.2,6830,120,1
shirts,1.5,2593,472,1
bags,1.8,2250,49,1
watches,2.0,7327,210,2
watches,3.6,3554,378,1
trousers,3.5,6481,124,1
trousers,3.6,4775,400,1
shoes,1.8,3699,339,1
shoes,3.3,6254,104,1
shirts,2.4,2253,157,1
electronics,1.7,4518,401,2
electronics,1.9,6527,402,2
jackets,3.2,737,412,1
trousers,4.1,6638,259,1
shoes,2.5,5041,281,2
jackets,1.6,3101,378,1
watches,2.3,5400,483,2
jackets,2.3,3177,382,1
watches,3.9,6688,277,1
jackets,2.4,5269,409,2
trousers,4.5,1181,230,0
jackets,4.5,1451,332,0
watches,3.4,4694,94,1
bags,4.9,6225,242,1
watches,4.7,1347,287,0
bags,3.0,3270,108,1
bags,2.2,3060,94,1
watches,1.5,7618,302,2
shoes,4.1,3397,158,0
jackets,1.8,4471,291,1
shirts,4.7,3008,356,0
shoes,3.9,2372,314,1
jackets,2.0,4899,425,1
shirts,2.4,5960,459,2
electronics,3.5,7969,246,1
trousers,1.9,7966,368,2
